id,name-first,name-middle,name-last,name-suffix,address-city,address-state,address-street,address-street2,address-number,address-zip,dob,ssn,gender,phone
1, elton,, mottershead,, Hilliard, TX,HEMLOCK DR,,45, 25550,6/21/1989, 154837205,M, 3194890052
2, rourke,, danielovic,, Raymond, CA,HEMLOCK DR,,45, 32817,6/21/1989, 106387522,M, 3173977843
3, april,, haward,, Melrose,CA,MICHAEL DR,,19, 61354,7/4/1960, 107126014,F, 5410419903
4, mitchell,, doras,, Pequot Lakes, OH,MICHAEL DR,,19, 60110,7/4/1960, 644855095,F, 9199995475
5, jacob,, huo,, Kailua, IL,CASE DR,,41B, 50010,6/11/1925, 221386099,F, 8435952950
6, ash,, aballon,, Hidden Springs, AZ,CASE DR,,41B, 90221,3/11/1925, 528921298,F, 6159391748
7, lara,, shields,, Hensley, IN,BROOKMOOR RD,,28, 98901,2/21/1977, 367965020,F, 2173807930
8, jorja,, scogin,, Gorst, WV,BROWNLEIGH RD,,36, 01535,2/21/1977, 178169116,F,
9, jaden,, quincy,, Walnut Grove, FL,CHESTNUT HILL RD,,436, 49464,8/12/1962, 697357106,M, 5130739347
10, keziah,, albert,, Ottawa, AL,CHESTNUT HILL RD,,436, 89102,8/12/1967, 376099296,M, 6363143120
11, aaron,, fersht,, Dutch Fork, WV,W AVON RD,,652, 46058,6/30/1919, 321402769,F, 2519046290
12, joel,, gwang,, Arlington, VA,FOREST HILLS DR,,12, 42303,6/30/1919, 419825575,F, 6075946066
13, katharine,, hamann,, Grand Blanc, TX,,,, 11412,7/3/1999, 716159539,F, 6614720101
14, georgia,, joseph,, Ladson, CO,STONY BROOK DR,,28, 18508,7/3/1999, 490267959,F, 2150962893
15, timara,, andjelic,, Memphis, TX,LYMAN RD,,10, 70818,9/28/1989, 876629021,F, 9366564392
16, abbey,M, delaney,, Vista del Lago, VA,LYMAND RD,,10, 90638,9/28/1989, 587381059,F, 8630842414
17, robert,, bishop,, Garden Grove, CA,STANDISH ST,,44, 52573,11/24/1989, 343458041,F, 8168432591
18, emiily,, green,, East Berlin, MN,ELLIOTT ST,,57, 06870,11/24/1989, 737596339,F, 7249808065
19, jemma,, karic,, Albany, TX,KATHERINE AVE,,58, 29617,10/25/1992, 785865860,F, 6366185675
20, samantha,, brenner,, Warren, NY,,,, 85350,10/25/1962, 509251438,F, 3377920221
21, louis,, christenson,, Ellet, IL,CROMWELL HILLS DR,,1310, 07074,8/25/1943, 582263695,F, 6198669448
22, archer,, hallman,, Gales Ferry, MD,CROMWELL HILLS DR,,1310, 85259,8/25/1943, 216348337,F, 6317000307
23, kiera,, hallman,, Trooper, MI,,,, 21237,1/21/1952, 645348335,F, 8450794560
24, campbell,, simpson,, Waldron, FL,OLANDER LN,,87, 55038,1/21/1952, 489673554,F, 5206956111
25, xanthe,E, simpson,, South Miami, WA,VISTA VW,,38, 40018,9/1/1960, 287652856,F, 8106004096
26, caitlin,, marken,, Portland, TX,BUENA VISTA RD,,119, 45169,9/18/1960, 404325090,F, 5413961925
27, toby,, navarro,, Sulphur, CA,PHEASANT HILL DR,,15, 15108,5/6/1958, 592398244,F, 2175601203
28, thomas,F, witherspoon,, Gaston, GA,PHEASANT HILL DR,,15, 28717,5/6/1958, 501654582,F, 7037911849
29, zack,, mckenna,, Port Richey, ,,,, 00692,7/29/1961, 191523491,F, 7814763756
30, maya,, kalonji,, Lincoln, CA,PEARL ST,,228, 80921,7/29/1961, 721887369,F, 8585719151
31, thomas,, fou,, Corryton, FL,,,, 77642,7/5/1943, 133169313,F, 8187279149
32, skye,, suarez,, Batesville, OH,SOUTHWEST AVE APT N 5,,124, 84003,7/5/1943, 547953169,F, 4122431148
33, isabella,, phalgun,, Philadelphia, GA,HAWTHORNE CT,,29, 78724,8/22/1989, 447599495,M, 5105314985
34, simon,, scinto,, Wichita, ,HAWTHORN CT,,29, 13090,8/22/1989, 378109754,M, 9365644372
35, george,, clarkson,, Cleveland, CA,LAWRENCE ST,,26, 93274,6/4/1961, 201800791,F, 6124957818
36, madison,, alfson,, Chaparral, MD,ELLINGTON RD,,229, 48182,6/1/1961, 502904988,F, 5082078160
37, michael,X, speight,, Flagstaff, AZ,MUNNISUNK DR,,37, 85546,1/12/1970, 533127826,F, 8185686029
38, amber,, poturak,, Albuquerque, MO,MUNNISUNK DR,,37, 01545,1/21/1970, 460242969,F, 3860657959
39, shelby,, hinojosa,, Oceanside, AR,SILAS DEANE HWY,,554, 65201,11/22/1978, 222477119,M,
40, mia,, cacic,, Queens, NJ,,,, 45177,11/22/1978, 686034150,M, 7033477509
41, ashleigh,X, kirk,, Evansville, VA,STATE ST,,117, 30032,1/11/1967, 329321208,F, 9499611378
42, charli,, aani,, Kennesaw, NE,STATE ST,,117, 68516,1/11/1967, 174831947,F, 9166004838
43, nicholas,, sclater,, Surprise, OK,MADISON RD,,10, 48207,9/20/1955, 102785805,F, 5101161168
44, genevieve,, sclater,, Peyton, WV,MADISON RD,,10, 06040,9/20/1955, 173761490,F, 5406224041
45, yasmin,, nagalingam,, Walnut Grove, CA,,,, 78840,11/14/1953, 444604462,M, 3194955622
46, jake,, rahimi,, Spring Mill,CA,HIGHWOOD RD,,48, 80620,11/14/1953, 308116942,M, 4082432064
47, mitchell,, quincey,, Detroit, OH,COLEMAN RD,,90, 07032,9/28/1985, 743018551,F, 5597075749
48, thomas,, sreedharan,, Friendship,OH,PLEASANT ST APT 6,,57, 95020,9/28/1985, 241862593,F, 6515451280
49, imogen,, kemp,,ELLINGTON, IN,MAIN ST APT 35,,20,6029,6/29/1952, 135388920,F, 8318290240
50,STEVE,, alderson,,TOPEKA, KS,MAIN ST APT 35,,20,6029,6/29/1952, 456035331,F, 7856643526